"reward_ANN_LIN_cars=0300-0000(L)_t=1_levels[3]=(1-0, 3-300, 3-600)_rebal=([0-8, 1-8][tabu=00])[L(05)][P]_[05h,+30m+04h+60m]_match=15_0.10(S)_1.00_0.10","reward_annealing_thompsom_LIN_cars=0300-0000(L)_t=1_levels[3]=(1-0, 3-300, 3-600)_rebal=([0-8, 1-8][tabu=00])[L(05)]_[05h,+30m+04h+60m]_match=15_0.10(S)_1.00_0.10","reward_annealing_thompson_0.2_LIN_cars=0300-0000(L)_t=1_levels[3]=(1-0, 3-300, 3-600)_rebal=([0-8, 1-8][tabu=00])[L(05)]_[05h,+30m+04h+60m]_match=15_0.10(S)_1.00_0.10","service_rate_ANN_LIN_cars=0300-0000(L)_t=1_levels[3]=(1-0, 3-300, 3-600)_rebal=([0-8, 1-8][tabu=00])[L(05)][P]_[05h,+30m+04h+60m]_match=15_0.10(S)_1.00_0.10","service_rate_annealing_thompsom_LIN_cars=0300-0000(L)_t=1_levels[3]=(1-0, 3-300, 3-600)_rebal=([0-8, 1-8][tabu=00])[L(05)]_[05h,+30m+04h+60m]_match=15_0.10(S)_1.00_0.10","service_rate_annealing_thompson_0.2_LIN_cars=0300-0000(L)_t=1_levels[3]=(1-0, 3-300, 3-600)_rebal=([0-8, 1-8][tabu=00])[L(05)]_[05h,+30m+04h+60m]_match=15_0.10(S)_1.00_0.10","time_ANN_LIN_cars=0300-0000(L)_t=1_levels[3]=(1-0, 3-300, 3-600)_rebal=([0-8, 1-8][tabu=00])[L(05)][P]_[05h,+30m+04h+60m]_match=15_0.10(S)_1.00_0.10","time_annealing_thompsom_LIN_cars=0300-0000(L)_t=1_levels[3]=(1-0, 3-300, 3-600)_rebal=([0-8, 1-8][tabu=00])[L(05)]_[05h,+30m+04h+60m]_match=15_0.10(S)_1.00_0.10","time_annealing_thompson_0.2_LIN_cars=0300-0000(L)_t=1_levels[3]=(1-0, 3-300, 3-600)_rebal=([0-8, 1-8][tabu=00])[L(05)]_[05h,+30m+04h+60m]_match=15_0.10(S)_1.00_0.10"
14665.86057657089,15027.635496121353,14890.428462516118,0.6371556392747822,0.6840122439368966,0.6310336708264658,138.74062633514404,43.90189027786255,41.266077995300286
14112.86503737067,14563.847514261472,14048.48455715683,0.6503831417624522,0.6865421455938697,0.6381704980842912,195.093022108078,55.67810988426209,55.50374102592468
14924.124790353491,15783.094023436835,14841.282616104383,0.6925076813991964,0.7482864571023399,0.6818718978964784,179.60945296287537,54.021225929260254,51.55081105232239
14507.586888346941,15613.109055274354,14783.396193279706,0.6659584513692163,0.7353635505193579,0.6756373937677054,184.96796107292172,49.86917495727539,50.68087816238403
15035.056845719882,16072.921243485493,15272.380190385797,0.7090736792229331,0.7754086709310591,0.7112058753849798,179.6603057384491,48.39608955383301,47.063549757003784
15066.058957598445,15916.925464507742,15347.724045375344,0.7084520417853751,0.7594966761633428,0.7150997150997151,185.6888725757599,51.90050220489502,56.92908477783203
15479.65407238846,16207.908322354117,15775.904475294335,0.7420836354846507,0.7921198936427363,0.7592458303118201,180.29406952857968,47.99210715293884,51.538918733596795
15756.722563979856,16460.33148359335,16017.338540006069,0.7559990496555001,0.7949631741506296,0.7602755999049655,180.63295912742612,53.1365602016449,50.20124459266663
15789.739428803621,16484.95573113132,16081.88243951399,0.7385989656793606,0.7750352609308886,0.7501175364362953,184.870441198349,43.59524607658386,53.5374927520752
16011.17719476485,16569.506921877663,16071.234887088662,0.7382271468144044,0.7742382271468145,0.7393813481071099,179.5140199661255,48.484230041503906,53.07369351387024
15927.292262941779,16483.29892014896,16162.563233435874,0.7533018867924528,0.7891509433962264,0.7648584905660377,182.34561920166016,48.68477463722229,46.88288688659668
16388.764652940517,16995.879450691988,16730.76073712705,0.7561878325237104,0.78764746703678,0.7707610455702059,173.2052712440491,43.500062704086304,48.29127907752991
16019.741777964573,16546.406127183393,16508.063260422,0.7523452157598499,0.7823639774859287,0.7774390243902439,175.1813507080078,55.91945195198059,49.677687644958496
16148.336882489097,16610.79978943456,16520.11650637521,0.7789674042350702,0.8058529621698787,0.7911015940994528,183.1574923992157,42.68560409545898,50.35968828201294
16444.89914346232,16858.182543957475,16986.403208816624,0.7896246712885489,0.8130528328950514,0.8180731532393021,177.94032430648804,43.831875562667854,49.17890572547913
16724.651176539115,17040.74862139169,17289.475841163465,0.7813877929914134,0.7990252958923184,0.8097006265954978,174.4901487827301,45.97642254829407,49.75576305389404
16722.53190499774,16996.285868341685,17004.71269967881,0.7991008045433033,0.8159015617605301,0.8114055844770468,175.38314342498782,47.13460183143616,53.755223035812385
16979.95469616976,17285.429457334398,17339.814057235268,0.7920883164673413,0.8093376264949402,0.8070377184912604,172.56259870529175,42.44673299789429,54.3825056552887
16887.115948712813,17060.7325550347,17169.72552825219,0.80937794533459,0.8199811498586239,0.822808671065033,187.8963849544525,47.06913471221924,52.49465227127075
17352.254179444913,17558.554066829678,17525.19093737594,0.8015422998412338,0.815831254252665,0.8097074166477659,183.06240272521973,45.02561640739441,54.482964992523186
16825.704442250404,17080.014236877,17196.065870399943,0.8197744180465563,0.8322534197264219,0.8370530357571394,186.21593976020813,45.829344987869256,50.50947737693786
17208.830266225956,17303.850813352714,17582.688106485803,0.8066682102338504,0.812688122250521,0.826580226904376,182.40776896476746,47.10949158668518,55.1746461391449
16945.484554863273,17241.188373699053,17220.2521392245,0.8039351851851851,0.81875,0.8148148148148148,187.35579919815063,45.83485841751098,51.540552616119385
16962.86337661814,17280.6972015314,17299.361942864067,0.8237666034155597,0.8389468690702088,0.8349146110056926,193.68110466003415,66.65391993522644,56.315664768218994
17176.38892440278,17477.22952635606,17560.039383475392,0.8056066176470589,0.8150275735294118,0.8207720588235294,182.3354880809784,49.291510581970215,52.581941843032844
16907.451012744932,17104.438241695825,17163.323556601947,0.8372204856936764,0.8490021639817263,0.8506852608800193,183.74471402168274,45.3142774105072,51.69357538223266
17198.455176560263,17368.740223498804,17508.452375680434,0.8216635338345865,0.8317669172932329,0.8317669172932329,184.377893447876,48.420777797698975,54.82659149169922
17196.86349988742,17195.671336202122,17352.02193200542,0.8343308594685179,0.8369643284654058,0.844146516638736,191.35969519615173,46.792731761932366,51.75442671775818
17545.204682517688,17688.520076236295,17848.145937586374,0.8177634606534745,0.8267372296364474,0.8347906120570641,190.5795521736145,50.14493703842163,55.43300533294678
17456.988457056108,17614.577284920342,17714.735140055036,0.8347417840375587,0.8420187793427231,0.8467136150234742,181.87448620796204,46.81292700767517,55.04866218566895
17400.111847378175,17484.296410530013,17590.595153619266,0.835705950991832,0.8387397899649942,0.8438739789964994,196.41888046264648,53.08635330200195,57.219591856002815
17065.503206417463,17037.809788401417,17262.363341924454,0.8306127277028625,0.8273006860657677,0.8362905133664538,197.602641582489,50.26927137374878,52.19116902351379
17460.710512582944,17458.050229095872,17629.016291743592,0.8461171986660314,0.8461171986660314,0.8523106241067174,187.94586563110352,57.61674046516418,51.525591135025024
17536.2512702585,17756.568071793754,17777.194625903514,0.8270432970595045,0.8409354017133596,0.8404723315582311,190.46098709106445,66.94847130775453,57.614935874938965
17333.597024663675,17374.018859258853,17509.0693694788,0.8274819809346664,0.8321320623110905,0.8360846314810509,197.3208577632904,57.49059081077576,61.75777769088745
17664.367494115773,17723.474771342586,17820.858165257727,0.8188850967007963,0.8234357224118316,0.8248009101251422,196.45495009422302,51.11112928390503,55.29552435874939
17095.550060765658,17252.955720220125,17144.256312243102,0.8316290130796671,0.8394768133174791,0.8342449464922711,196.6691768169403,58.11853718757629,61.99482369422913
17371.724437918856,17395.17188953819,17497.38293711842,0.8561872909698997,0.8571428571428571,0.8612040133779264,196.19026231765747,62.509758472442634,63.38574242591858
17973.07911287339,17925.663881155368,18077.852054937768,0.8656786638438014,0.8656786638438014,0.8746177370030581,191.29728722572327,62.527421712875366,67.40623164176941
17447.359999316453,17317.480237320255,17531.809581918737,0.8608632746563781,0.8598987219676875,0.8635157945502773,194.87815642356875,69.46413898468018,61.92082953453064
17495.280212453086,17344.550367863565,17600.97691286031,0.8531100478468899,0.8480861244019139,0.8600478468899522,194.6508984565735,64.78732919692993,57.505462408065796
17736.705759616638,17567.336603847154,17670.50519263795,0.8530727572404051,0.8490699317165058,0.8540145985401459,190.9674954414368,67.60174512863159,60.26740980148315
17668.219456877465,17664.62568999907,17761.67035399027,0.850844277673546,0.8484990619136961,0.8531894934333959,195.6984429359436,72.49225735664369,57.841274976730354
17754.630705379717,17564.270729047632,17738.47082733941,0.8481871345029239,0.8435087719298245,0.8516959064327485,195.2265400886536,69.3909420967102,60.27778673171997
17617.374025218043,17508.461300322877,17595.351042968086,0.8492438563327032,0.8475897920604915,0.8468809073724007,195.0826666355133,70.93601560592651,60.9877290725708
17535.366061363413,17558.35382844694,17623.887096823597,0.8578244274809159,0.8611641221374046,0.8621183206106869,197.9936580657959,64.47824215888977,51.677340984344475
17412.572963864077,17331.46465908007,17380.459839375144,0.8423680456490727,0.8428435568235854,0.8414170233000475,194.38295125961304,65.33212447166443,53.259557008743286
17652.238680854854,17479.205274697935,17596.817810611803,0.8581323143061859,0.8483401003104848,0.8571769763553857,196.8866102695465,63.65859317779541,56.24207186698914
18012.131738644475,17900.1471110119,17992.35170061611,0.8636257309941521,0.8605847953216375,0.8612865497076023,190.848578453064,61.98711562156677,51.34012794494629
17832.12169507081,17778.287597152208,17898.20330099329,0.8516008413180649,0.8508997429305912,0.8572096284178546,200.56989741325376,65.14577746391296,54.86657929420471
17705.704364885914,17658.971795423542,17665.974561938634,0.8593272171253823,0.8546224417784051,0.8553281580804517,189.39721632003784,64.35610866546631,52.027087688446045
17956.166506001136,17792.03674740762,17848.27786677081,0.8461005999077065,0.8401015228426396,0.8403322565759114,189.87249159812927,63.94238138198853,54.96055793762207
17725.326641445936,17686.86469808215,17753.606966781423,0.8456328818309201,0.8477347034096216,0.8491359177954227,192.13899493217468,62.71706461906433,54.33803248405457
17720.147018979656,17805.68488082387,17718.797347313477,0.8608818674840839,0.8653619429379863,0.8618250412638528,193.07848858833316,62.03998684883118,52.124595165252686
17706.488515277983,17783.49779779646,17888.08790671128,0.8549492085991023,0.8573115993385306,0.8627450980392157,192.46099424362183,66.20959138870239,57.19929504394531
17585.258862841984,17661.460088784937,17760.607530145597,0.8486625997184419,0.8507742843735335,0.856640075082121,208.32346391677856,65.22877812385559,57.67663097381592
17423.023833274452,17515.948113448507,17527.97906402604,0.8296485920409588,0.8343030020944845,0.8350011636025134,193.3858368396759,65.5151228904724,59.0870213508606
17675.44339634282,17652.860398766887,17812.511675954738,0.8517564402810305,0.8519906323185011,0.8594847775175644,202.6098248958588,66.64498782157898,56.80537700653076
17868.76650357414,17964.885011147653,17902.15256453018,0.8529686769518466,0.8583450210378681,0.8543712014960262,197.0450165271759,66.74682474136354,49.45912003517151
17528.46949743081,17336.444877430324,17583.962398574728,0.857279923242984,0.8529623410889902,0.8618373710721996,196.55337142944336,63.43995213508606,54.90413331985474
17586.763313334795,17542.824478570714,17540.961451303458,0.8694074969770254,0.8703748488512697,0.8711003627569528,226.8476231098175,66.61713767051697,57.74053359031677
17767.66189300926,17677.820254449078,17670.440591781862,0.8481220657276995,0.8460093896713615,0.8471830985915493,205.1781301498413,71.13561105728151,52.776989698410034
17429.42492465463,17263.508833101052,17399.762095390157,0.8478209097404144,0.8409145034532032,0.8502024291497976,196.85753679275516,70.01845383644104,55.25793433189392
18054.246138828952,17997.356278400086,18151.679901217052,0.8460648148148148,0.844212962962963,0.8539351851851852,201.95490074157715,68.0313184261322,52.958991050720215
18054.29587955985,18041.958485523715,18072.77157207061,0.8572759022118742,0.8605355064027941,0.8589057043073342,203.41928243637085,77.73492288589479,54.033400774002075
17939.746592449806,17930.214462136322,17969.674676513863,0.8624387969223595,0.8617393331778971,0.8626719515038471,201.82529091835025,71.29354810714722,54.482070207595825
17955.021728625346,17874.646855276224,17882.89183364873,0.8659021764568219,0.8614556517669085,0.8661362040720805,205.03973627090454,73.68282341957092,54.363800287246704
17827.90043333645,17820.12250895027,17731.577210539574,0.8520833333333333,0.8483796296296297,0.8493055555555555,198.94806814193728,82.14215421676636,52.67801570892334
17849.106439707775,17848.631264688716,17884.82689696712,0.8625088589652729,0.8639262934089298,0.8662886841483581,204.4621880054474,77.17271614074706,52.22567105293274
17605.316688464667,17473.879134819854,17513.17744442173,0.8617172675521821,0.8588709677419355,0.8624288425047438,206.9549605846405,79.04699397087097,58.075574159622185
17924.562494554244,17825.61596660146,17843.878399799352,0.8672189349112426,0.8610650887573964,0.8608284023668639,204.2105488777161,73.20024371147157,54.00764918327332
17863.39322717007,17818.25217860171,17887.454757984135,0.8616367076631978,0.8656575212866604,0.8654210028382214,199.5443754196167,77.4893000125885,51.86327314376831
18189.728067980934,18103.652237702423,18044.736085800832,0.8532684283727399,0.8497913769123783,0.847009735744089,202.5585355758667,71.83780503273009,51.416821241378784
17973.982342826832,17864.21659969943,18022.064399427367,0.8658707865168539,0.8600187265917603,0.8658707865168539,195.39223074913025,66.96267390251161,57.557265043258674
17770.28300204106,17684.35951398593,17656.93605465151,0.8515901060070671,0.8506478209658421,0.8487632508833922,202.9506847858429,68.84174871444702,55.17363905906677
17680.947199730224,17638.076238775222,17813.903340743815,0.8586905322656618,0.8556288271314179,0.8666980687706076,207.04307842254642,69.14479756355286,53.95925211906433
18048.249407690433,17927.78000924699,18070.82455580557,0.86531279178338,0.8604108309990663,0.8667133520074697,200.5207500457764,65.25275707244873,57.59171199798584
17909.438817360056,17888.12407852921,17952.940256435486,0.8575743494423792,0.8585037174721191,0.8580390334572491,205.65136098861691,65.70722198486328,55.61341404914856
17894.000357691344,17850.472550935665,18038.83370398276,0.8463308028525419,0.8472509776857603,0.8534621578099839,194.0977110862732,71.9262318611145,54.89575505256653
17856.346242312295,17878.556016822207,17843.48283565203,0.8650923544540566,0.862052840776245,0.8632218844984803,198.8673529624939,70.72966980934144,55.60065627098084
17523.418783998495,17481.36471106442,17513.647728721447,0.8689704823614111,0.8668106551475881,0.8658507319414447,202.56066679954532,75.6140832901001,51.64023208618164
17652.889317912788,17496.235171532822,17477.50365778832,0.8588624026433798,0.8527259853670051,0.8513098890724571,207.5265429019928,73.59976863861084,51.772536516189575
17569.267266992247,17551.30616242369,17569.160881507192,0.8686096512183469,0.8705207835642619,0.8676540850453894,196.49656987190247,76.61473846435547,91.42621684074402
17854.0355761523,17834.879203445416,17830.84172508043,0.8655164263767431,0.8664618293547625,0.8650437248877334,203.3979380130768,68.94657278060913,104.73486256599426
17996.305025951406,17987.632312222348,18112.804457921928,0.8630232558139534,0.8637209302325581,0.8655813953488372,207.09171080589292,74.22084474563599,109.90940403938292
18091.298482009475,18131.503867623138,18181.839361362552,0.857175925925926,0.8608796296296296,0.8636574074074074,196.0268442630768,69.24613499641417,78.17847776412964
17925.891783442123,17839.617220984343,17934.828490047257,0.8683901292596945,0.8648648648648649,0.8660399529964747,199.3072199821472,67.78350043296814,54.98703145980835
17888.86644807292,17752.610832919116,17894.76092677806,0.8683341198678622,0.8626710712600283,0.8683341198678622,196.89261102676392,68.43860745429993,56.65574288368225
17548.551833390902,17508.20084330712,17682.959178482648,0.8585619678334909,0.8595080416272469,0.8651844843897823,200.4781289100647,69.67702889442444,59.46522903442383
17723.601480147874,17770.43034705704,17848.68010307597,0.8657352592943405,0.8690504380771963,0.87402320625148,202.06784915924072,70.96375107765199,53.198525667190545
17998.973198558688,17847.791501566935,17873.265468633483,0.8623205460108261,0.8571428571428571,0.8599670510708401,196.520623922348,70.0274076461792,57.94221687316895
17940.942917823337,17793.172717470068,17944.675581636682,0.8542482155192264,0.8512548929311535,0.8556297490214138,201.63772296905518,66.14089632034303,63.11812376976013
18402.72868102565,18301.128370089184,18382.228987466773,0.8661453541858326,0.8640754369825207,0.8654553817847286,190.9093580245972,69.87998938560486,58.566378831863396
17698.515962555182,17652.767711552533,17840.529435121105,0.8510189739985945,0.8507847271023659,0.8540641836495666,208.22149109840396,67.81247186660768,56.11116313934326
17684.16550089579,17721.2202763049,17833.824145161874,0.8641741599621391,0.8644107903454804,0.8658305726455277,196.87473917007446,69.07423377037047,57.30480980873108
17815.096340951062,17872.17979188199,17849.9465138389,0.8476681509257089,0.8518865713616124,0.8497773611436606,198.9058928489685,69.23790144920349,54.88159489631653
17859.219972871124,17800.796412380663,17973.790736415882,0.855682082268185,0.857541250290495,0.8638159423657913,192.4258499145508,67.3657751083374,58.71021628379822
17718.259911702702,17800.901777575396,17788.640912638868,0.863764705882353,0.8696470588235294,0.8703529411764706,201.4547426700592,73.32734656333923,53.639710426330566
17749.21021671981,17662.729277243987,17716.056203731485,0.8578489056248529,0.8564368086608614,0.8609084490468345,192.36960625648499,73.2803885936737,51.08241486549378
17846.212911969826,17719.112493314165,17846.90303792739,0.8516098926738217,0.8492767148856742,0.8527764815678954,192.23802733421329,70.95222973823546,53.95586252212525
17759.918693120242,17648.92728032814,17660.09346064223,0.8553592461719671,0.8499411071849234,0.8487632508833922,199.87051701545715,69.15586090087889,51.34809112548828
17860.787455467897,17808.080893701786,17788.83843531445,0.8424075350333103,0.8451642545371009,0.8389616356535723,202.07645988464355,70.94942331314088,54.849509000778205
18302.702412511404,18246.27582999386,18205.321296423877,0.8692091717360786,0.8685072531586336,0.8661675245671502,203.7355661392212,116.36001682281494,55.3789689540863
18206.08755298004,18008.721337279752,18012.057057645452,0.8564538355535141,0.8488745980707395,0.8484152503445108,191.59005999565125,163.84824514389038,52.24633407592773
17757.231750596748,17662.143332908723,17736.64566727326,0.8565708902496467,0.8542157324540745,0.8568064060292041,202.28933596611026,101.9488832950592,57.80507469177246
17530.406277624676,17454.83882936111,17378.80088848215,0.8714319980810746,0.8656752218757496,0.8639961621491965,204.56046557426453,79.18595600128174,58.14225268363953
18009.258438339675,18013.445405802508,18074.885519538933,0.8613768961493582,0.8641773628938156,0.8646441073512252,194.03001523017883,74.14280700683594,50.68467712402344
17775.178127191706,17779.576446499745,17788.14809609923,0.8371124479407681,0.8431281813975011,0.8438223044886627,190.4495222568512,71.82799339294435,54.235793113708496
17693.518712626217,17630.341906722857,17587.055851567067,0.866254164683484,0.8633983817229891,0.8614945264159923,199.38005089759827,73.36706113815308,56.84398412704468
17970.175632748054,17853.52988715094,17923.84759528211,0.8618681574656417,0.8555788492895411,0.8588399720475192,199.01287961006162,81.05477905273438,53.39013719558716
17905.093092305113,17759.848522966397,17807.524378788716,0.8672316384180792,0.8580508474576272,0.862758945386064,198.7971761226654,71.79378700256349,52.28464007377625
18268.0889097724,18166.89310536602,18026.94682535233,0.8788375908132178,0.8739161003046637,0.8675884696508085,198.62223052978518,74.30337357521056,60.3971631526947
18032.492123576,18003.142866460963,18038.748988613213,0.8560799813996745,0.8574750058126017,0.8567774936061381,199.16120290756226,72.41994404792786,51.42558026313782
17954.852787760192,17893.979898529193,17783.394640081664,0.8590919783580334,0.8565043519171959,0.8510938602681722,191.21629357337952,68.56316995620729,54.625579595565796
17832.354912920255,17704.281912778715,17800.53630942915,0.8602455146364495,0.8576487252124646,0.8609537299339001,205.33497428894043,70.1795539855957,53.24739456176758
17983.665170354034,17873.551551216875,18019.82002045122,0.8536245353159851,0.8522304832713755,0.8568773234200744,194.9945740699768,71.75354576110841,54.66174602508545
17926.199537282915,17796.469102673283,17774.868575506767,0.8649031648559282,0.8632498819083609,0.8582900330656591,197.20053124427795,70.14436626434326,61.86208963394165
18330.64224267625,18239.734327032624,18304.472629815045,0.8607594936708861,0.8612197928653624,0.8623705408515535,201.64454007148743,73.35456943511963,56.73676872253418
18204.64778272365,18124.781025170785,18114.08233109025,0.8617095205003474,0.8582348853370396,0.8584665276812601,186.99687266349792,71.24927854537964,62.6147825717926
17916.115191336,17747.116093587218,17738.46407557157,0.8778042959427208,0.875417661097852,0.8725536992840095,200.27962446212769,76.59599757194519,53.342013359069824
18314.397264034487,18154.640188813326,18124.250949207384,0.8705936920222634,0.8666512059369202,0.8680426716141002,198.2958357334137,70.37402820587158,52.86400318145752
17998.019542114238,17788.657727744918,17994.291848101875,0.8551836355183635,0.8465829846582985,0.8554160855416085,207.21852016448972,72.74427986145021,58.46783113479614
17976.40466826838,17837.619193123886,17964.353370553068,0.8603234122334192,0.8542301382704476,0.862432622451371,204.6030788421631,76.01157617568971,54.69363760948181
18041.33413857793,17877.244200337398,17927.249877553837,0.8407441016333939,0.8373411978221416,0.8341651542649727,196.71966671943662,70.03451442718506,54.34209322929382
17914.362105593,17736.08049755636,17850.495450409308,0.8664131209888282,0.8621345376753029,0.865937722842881,193.36925983428955,69.68981838226318,59.398621797561646
18179.55476583954,18105.93755152928,18198.6123686956,0.8733503125723547,0.8719611021069692,0.8749710581153045,207.6475872993469,74.26829552650452,57.856152057647705
18069.77022473368,18073.792317259882,18063.66417526249,0.8643157403082672,0.8626809901914994,0.8622139187295657,192.6605725288391,66.95378422737122,59.9501428604126
17951.90016981584,17729.74384259326,17944.886944257993,0.8604651162790697,0.8502325581395349,0.8634883720930232,196.3944923877716,71.9546687602997,60.730961322784424
18294.807424101193,18058.778912850703,18177.258323575268,0.8807447560688192,0.8722601932594862,0.8755597454631158,197.37639689445496,77.53582048416138,60.85002970695496
18338.061126651908,18286.841959866528,18175.526095814843,0.8636676612347945,0.8687170071149873,0.8620610511820059,197.73286032676697,77.80003023147583,51.24155259132385
17998.19513447403,17923.139886838282,17778.78513443034,0.8669800235017626,0.8650998824911869,0.8556991774383079,223.29472136497498,69.57096552848816,57.82997512817383
17696.179359731326,17660.032102459132,17630.250193792155,0.8712466970934423,0.8736488109536392,0.871486908479462,199.2107810974121,70.47443723678589,62.12651062011719
18087.525803068576,17893.648599287426,17859.763189830683,0.8590216889709276,0.8530226119058606,0.8488694047069681,188.74498653411862,74.65281462669374,63.973226070404046
17817.492655961454,17782.993295608616,17795.117991627998,0.8885388902350375,0.8875696631936031,0.8849042888296583,197.67720222473145,74.89693379402159,61.43779373168945
17860.349941469893,17759.36126563072,17856.022804944852,0.8750599520383693,0.8721822541966426,0.8769784172661871,186.41379714012143,77.60038018226624,52.45841574668884
17927.50825402839,17675.916134204588,17808.921695527082,0.8731024667931688,0.8626660341555977,0.8669354838709677,185.7309856414795,72.6665699481964,75.80968451499939
18384.660635421133,18142.03191796609,18307.901706798988,0.8729205175600739,0.8625231053604436,0.8703789279112755,184.92685103416443,78.7896361351013,73.62307143211366
18269.965535266267,17958.460595567372,18184.83588231824,0.8670798898071626,0.8537649219467401,0.8640955004591369,183.0107665061951,85.2873558998108,80.30796790122986
17977.710614874555,17812.245511557336,17861.073976063017,0.8761104441776709,0.8696278511404562,0.8725090036014406,184.67519092559812,67.68672752380371,55.970649242401116
17995.842935619385,18000.9451298106,18015.437561601422,0.8618925831202046,0.8632876075331318,0.8623575912578471,188.1253411769867,84.23185682296753,61.53490614891052
18083.70243221701,17844.520175780148,18041.64467342738,0.8664319248826291,0.856338028169014,0.862206572769953,187.33624720573425,86.96531343460083,63.1927330493927
18098.800975171762,17993.344623266094,17890.342027419894,0.8647522000926354,0.8582677165354331,0.8566465956461324,189.88200426101685,75.82610726356506,61.52904224395752
18087.140330567432,18082.44763153693,18262.721476341743,0.8601349778915522,0.8622294624156388,0.8706074005119852,183.24839544296262,82.41851854324341,66.83313131332396
18300.382583266717,17987.151682960484,18029.40446898619,0.8598652103183825,0.8468510341622124,0.8528933302347199,186.54816222190857,101.83021092414856,53.31505179405213
18336.139664578026,18301.02983392748,18409.97789680384,0.8718721037998146,0.8688600556070436,0.8755792400370713,184.30720639228818,101.70139002799988,55.33437919616699
18102.1561508266,17944.188683880617,18107.980862934008,0.8530226119058606,0.8495616059067835,0.8564836179049377,180.10605716705322,76.4370813369751,52.14138793945313
18257.358759695915,18066.372062484,18105.319863026634,0.8595402298850575,0.8512643678160919,0.8485057471264368,182.9977309703827,88.29080963134766,55.72689032554626
18490.605165097368,18086.783039701422,18286.664493266322,0.8749710044073301,0.8547900719090699,0.8666202737183948,181.1809163093567,89.2144148349762,52.30122041702271
18025.078867294967,17655.99474992697,17938.625053620668,0.8713270142180095,0.8609004739336493,0.8736966824644549,188.9689633846283,82.67327165603638,57.825541496276855
17853.031985279857,17505.07387701051,17841.773442288082,0.8649031648559282,0.8514407179971658,0.8667926310817194,186.9594023227692,71.3961820602417,52.47124600410461
18047.130453407583,17870.248046629757,17935.8153445419,0.8735280263777673,0.8669335845501649,0.8718794159208667,195.27695059776303,73.1776762008667,56.41957831382752
18279.857319661813,17883.013820139284,18125.44684077917,0.8738111807005335,0.8587334725121781,0.8682440269079101,197.31941938400269,72.93107080459596,56.164774894714355
18236.98278280432,18000.060226194524,18234.321894402405,0.8606199770378875,0.8551090700344431,0.8622273249138921,193.87469720840454,71.25936961174011,56.92417168617249
17848.872631178325,17615.39236034637,17798.592060310642,0.865073787772312,0.8564066526118529,0.8667135160459124,198.02609515190125,69.94960355758667,54.5487802028656
18222.268045084973,17932.7888351762,17991.028623220016,0.8727187646233037,0.8631258773982218,0.8664014974262986,208.67321181297302,75.28881549835205,50.908604383468635
17981.765729817213,17807.87237872729,17742.217027485523,0.8582402234636871,0.8526536312849162,0.845903165735568,202.4001944065094,76.05493879318237,55.13638973236084
18230.007345098868,18041.812479131942,18013.325474063244,0.8729033782187574,0.8648712497047012,0.8603827072997874,196.54121255874637,68.42550897598268,52.65211820602417
18256.949203004173,18063.500425960458,18128.01257987488,0.8596087456846949,0.8515535097813579,0.8522439585730724,197.14357590675357,70.73542547225951,52.86534690856934
17599.23193215459,17498.181341446067,17564.36389526038,0.8617378780604896,0.8626980316850696,0.8655784925588094,202.4705295562744,73.16869807243347,52.97835040092468
18226.569732542448,17972.499218431094,18127.53350618073,0.8699300699300699,0.8592074592074592,0.8664335664335664,199.898583650589,69.66557216644287,53.04493284225464
17928.056510099363,17719.99501769863,17853.611312116383,0.8833133253301321,0.8749099639855943,0.8825930372148859,205.83455395698547,75.1937530040741,57.05682373046875
17852.28126185643,17604.454814057313,17731.894479995717,0.8812906332771491,0.8726222008186852,0.8784011557909944,206.5689206123352,70.08110308647157,56.55203413963318
17913.665227723366,17719.285748077327,17830.96336409224,0.8684210526315791,0.8599624060150376,0.8660714285714286,204.50984573364258,75.49126029014587,51.08317518234253
17848.513808454332,17583.157399085452,17804.030982253407,0.8724720437782536,0.8634308827028313,0.8743754461099215,201.3244826793671,68.99432587623596,53.12212991714478
18320.427081699785,18119.42231293217,18182.93257144788,0.8719257540603248,0.8635730858468678,0.8661252900232018,203.19980812072757,71.63651061058043,53.82623314857483
17540.385573023155,17285.1161647593,17401.48339720761,0.8805418719211823,0.8726600985221675,0.8807881773399014,219.72657227516171,78.08408999443056,61.3129403591156
17888.860912733653,17754.637658860025,17754.886631461115,0.8736642127760627,0.8696271669437188,0.8720018997862741,207.65928864479062,75.31058883666992,56.421231269836426
17970.473164489416,17882.33424367882,17978.506361971373,0.8733063941050629,0.8723555978131685,0.8744948894699309,208.0768711566925,76.12513923645021,59.24042320251465
18131.23283933719,17921.540842809227,18127.567373007252,0.8723102388271459,0.8616694253960747,0.871364388744384,206.06697845458984,89.03213500976562,55.944920301437385
18097.07764034587,17830.144735719372,18025.353512544,0.8775413711583925,0.8680851063829788,0.8723404255319149,201.03729581832886,73.62324261665343,70.19948530197144
18089.889195267606,17869.577331555927,18015.620945703417,0.8726889772993213,0.8656681488415633,0.8701146735314768,204.81119799613955,87.64666676521301,55.951011180877686
17922.36972003117,17673.862012530342,17848.894603956156,0.8837153772683859,0.870821394460363,0.8806112702960841,201.67693519592285,85.75569701194762,55.959439516067505
17936.25421737845,17668.659542039186,17843.95958574855,0.8731096408317579,0.8601134215500945,0.8705103969754253,208.73563981056213,80.7559654712677,73.0465531349182
17957.47513018238,17940.71385302096,18132.01945212717,0.8609349307023726,0.8597603946441156,0.8712708480150341,200.3802578449249,81.5413019657135,60.262295961380005
18048.84900060489,17884.44431721821,18012.356563907357,0.8803418803418803,0.8720322886989553,0.8774928774928775,200.8632264137268,78.16626381874084,59.04425597190857
17922.48058992566,17872.250294705507,17871.886115771536,0.8638508730533271,0.8647947144879661,0.8650306748466258,201.16906523704532,69.69805383682251,57.86252999305725
17973.048473373576,17842.302227674743,17907.245313555122,0.8669174700211615,0.8631554197037385,0.8640959322830943,198.71404886245728,74.94330835342406,62.40456557273865
18128.209644330716,17841.847604830848,18124.418059477208,0.8711800658204043,0.8566055477197931,0.8732957216737188,202.99831652641296,70.5327286720276,56.996098279953
18210.899949693056,17904.579004083207,18082.92138725792,0.8729191090269637,0.8609613130128957,0.8663540445486518,206.90089297294617,67.55508065223694,55.49407935142517
18279.47603419327,18084.57652160257,18066.74542850869,0.8655638397017708,0.8550792171481827,0.8557781919850885,190.40416884422302,69.4602165222168,54.976895570755005
18204.97435753282,18041.746129789462,18131.769635371867,0.8713751169317119,0.8664639850327409,0.8690364826941066,205.2575809955597,68.29074811935425,56.72058844566345
17962.9644125009,17793.736131722606,17943.33940042805,0.8579730357973036,0.8493723849372385,0.8586703858670386,199.87388229370117,76.3357300758362,54.15241551399231
18244.572310839703,17885.439884678777,18058.76304704028,0.8701657458563536,0.8556629834254144,0.8609576427255985,203.69251203536987,68.68810653686522,50.861414670944214
18205.20221791976,18059.314775982675,18164.428450383424,0.8699530516431925,0.8650234741784038,0.8720657276995305,199.76928210258484,69.73970413208008,56.11172723770142
18323.94863122513,17995.189503453148,18123.245717472357,0.8710202184522426,0.8566116662793399,0.8638159423657913,202.5160908699036,72.78703260421753,50.75858211517334
17783.337786204782,17543.069564651694,17691.680437428106,0.8846815834767642,0.8736169166461766,0.8809933611999017,205.00535249710083,69.80148839950562,49.43845772743225
17785.422042249364,17579.29961037566,17567.011575439166,0.8666035950804163,0.8580889309366131,0.8578524124881741,207.04066514968872,73.99234533309938,57.6552619934082
18065.714695754818,17948.278154480406,18052.90411050146,0.8539351851851852,0.8490740740740741,0.8539351851851852,204.40563416481015,68.64585757255554,49.628644704818726
17953.62330544034,17848.320735059056,17901.309309101864,0.8603561387066542,0.8598875351452671,0.85941893158388,199.541362285614,69.81879925727843,53.32706809043884
18026.62992575665,17785.222973324562,17959.385774378625,0.8645809012374503,0.8552416530469297,0.8627130515993463,201.29233932495117,74.69639849662782,53.045303106307976
18096.494157671783,17739.19787463843,17927.307548639317,0.8854290468267174,0.8697409080104588,0.8780603755645353,204.55234360694885,73.72734570503233,51.21991920471192
17742.20778674258,17372.13888848223,17678.33119451545,0.8729096989966555,0.8576206402293359,0.8690874343048256,203.99919033050537,69.52791285514833,54.06278085708618
18084.39413141476,17644.381965888955,17922.340177781738,0.8630136986301371,0.8456001857441374,0.8581379150220572,196.1369569301605,68.49807858467102,53.29008436203003
17837.081329366392,17578.961694510148,17603.50281925302,0.8776647286821705,0.8670058139534884,0.8689437984496124,210.8503189086914,70.50416755676271,50.28189325332642
18042.425306793928,17826.09837104785,18074.451583572223,0.8684886708712918,0.8577435178696566,0.8717589348283111,199.48070120811462,73.10220527648927,55.761855363845825
18054.018368133187,18003.905663393685,18223.89810517084,0.8735849056603774,0.8716981132075472,0.8787735849056604,211.4092447757721,69.12887668609619,55.57749032974243
17975.758112885105,17742.39526375842,17953.12610658566,0.8788951841359773,0.8701605288007555,0.880547686496695,198.27854108810425,78.70156359672545,55.94003248214722
17907.601673754794,17642.771662083826,17896.15405193834,0.8753835260797734,0.8647628038706632,0.8730233655888601,210.75938940048215,66.16617703437804,55.63295006752014
18051.73609911999,17872.78277647165,18011.511623893468,0.8622047244094488,0.8552570634553034,0.8603520148216767,206.1272943019867,70.59002923965456,53.0129759311676
17892.877482799,17760.095629507996,17916.97188120044,0.8740723006942782,0.8697629877902799,0.8776633947809432,207.53661942481997,67.26038074493408,54.89882779121399
18260.85619492648,17969.763308200934,18087.34334673784,0.8668051708217913,0.8543397968605725,0.8584949215143121,201.00751781463626,69.87120604515076,52.885369300842285
17926.504185905662,17819.69162132298,17896.68825431798,0.8729672401602641,0.8699033702568937,0.8715531463587085,204.426641702652,71.55603218078612,52.28401803970337
18097.222005100226,17880.64113622336,18038.147538554123,0.8824362606232294,0.8711048158640227,0.8793673276676109,200.5459704399109,69.30456757545471,56.155473947525024
18156.807222176332,17882.736702884107,18023.07902313696,0.8767381569644119,0.8633042658496347,0.8717888286589677,207.93313837051392,72.58112978935243,52.94403386116028
18222.07342130653,17985.519698635406,18030.191854231674,0.8752952290977799,0.8703353802550781,0.8696268304204062,199.26831007003784,74.78758978843689,52.857490062713616
18001.365715299173,17764.855168867776,17779.784248364085,0.8821701720841301,0.8738049713193117,0.875717017208413,206.37889432907104,70.85896801948546,55.68484878540039
18350.570371946465,18273.773864092662,18287.363261116952,0.8438553134127162,0.842057964502359,0.8436306447989216,201.38934350013733,71.0332407951355,53.3002610206604
17951.282426431047,17591.107570808465,17960.9560729171,0.8882452329230026,0.869901037895245,0.8865556360125513,202.64121270179749,70.80505537986754,58.82109594345093
18450.374844213373,17969.10882656935,18358.45714688046,0.8623388581952118,0.8402394106813996,0.8584254143646409,200.28116512298584,67.24039936065674,50.92664861679077
17869.809450312343,17605.001774513898,17858.261552355718,0.8609613130128957,0.8541617819460727,0.8661195779601407,213.0193521976471,72.99732184410095,54.16596031188965
18250.282682359,18021.73584751461,18111.548836420945,0.8683966635773864,0.8582020389249305,0.8639944392956441,202.8771641254425,73.74923849105834,53.00144338607788
17701.408235750354,17449.35461673197,17546.055311832926,0.8708293612964728,0.8603431839847474,0.8646329837940896,210.8009753227234,71.93020057678224,51.42655849456787
18011.81260363329,17777.538384154406,17969.490473036858,0.8767480445603224,0.8703484237971083,0.8765110215690922,194.09253549575809,75.43363904953003,53.924495220184326
18193.072746102396,17905.691482337043,18163.312266674777,0.8762573099415205,0.8638596491228069,0.8760233918128655,195.59899520874023,74.9179332256317,51.61976408958435
18293.037794323,17972.489891138288,18094.61750202752,0.8774749592359655,0.8621010948054973,0.8686233403214535,154.82225036621094,68.09737730026245,51.892707109451294
18207.53214614623,17941.0740637776,18025.092047636484,0.8741143127066604,0.8632498819083609,0.8667926310817194,133.51326084136966,68.907146692276,54.67996621131897
18495.586473833708,18006.519212093554,18331.144804700973,0.8780825074902051,0.8580318045632634,0.8716294076976262,130.70015478134158,74.18442344665526,56.16335916519165
18018.9278644496,17694.361171989272,17929.623084624265,0.869134638057062,0.8554586182504126,0.8634755953784484,123.51969599723816,70.39307570457457,55.97021961212158
18201.56890244641,17904.702003377086,18056.63503368779,0.8730269266480966,0.8604921077065923,0.8683844011142061,131.8597674369812,82.59778261184692,50.730860471725464
18447.51483871264,18293.589330379484,18401.30953198744,0.8594533029612756,0.8539863325740319,0.8592255125284738,122.28195881843568,65.65931224822998,53.5037362575531
17790.093162938847,17593.032836133803,17710.368167688284,0.8704191616766467,0.8622754491017964,0.869940119760479,136.36832928657532,73.49512696266173,54.22268605232239
18255.91104303539,18122.907745747696,18260.810405879147,0.8603468208092485,0.8538728323699422,0.8635838150289017,124.58042073249815,71.14910674095155,50.85275959968567
18301.241713567364,18081.776715716034,18130.624492072842,0.8635423845623708,0.8548127728003676,0.8589478520560533,117.02104306221008,80.42088103294374,53.41700434684754
17606.187324110455,17580.631685946588,17530.294606620817,0.8679606997364007,0.8703570572729451,0.8643661634315841,118.81924843788148,88.05825448036194,50.85847926139832
18232.12991438288,17978.19860193076,18137.085580956904,0.8688981868898187,0.8579730357973036,0.8677359367735937,119.58748531341551,80.28329062461853,56.66709756851196
18225.052941509282,17979.872928787783,18083.35252607557,0.8890740299928589,0.8771721018805047,0.8816948345631992,121.29740500450134,87.86032342910767,50.11236548423767
18158.183792798653,17870.2266325255,18183.25264704958,0.8662136832239925,0.8566073102155577,0.8685567010309279,119.4714298248291,87.00095272064209,54.908324241638184
18365.24345010789,17990.40032343074,18228.200924201774,0.8745061584940739,0.8621891703462701,0.8719498024633976,121.03011059761049,87.79991054534912,55.899157285690315
18050.492685135127,17858.225951048345,18126.726779971297,0.8655188459748722,0.8555141926477431,0.8690088413215449,130.42958903312686,87.14244985580444,55.112038373947144
18191.22798013843,17864.156758947123,18004.160936264412,0.8639218422889045,0.8515933938125145,0.8574086996976041,133.11633586883542,86.8160343170166,54.063382148742676
18065.163026235183,17853.990760683617,17932.32557638769,0.8648208469055375,0.8559795253606328,0.8601675197766403,120.090797662735,84.2138831615448,50.34317803382874
18112.85404814369,17711.43607464446,17878.353015781973,0.8596247394023627,0.8420199212416031,0.8492008339124392,122.2413969039917,86.33582782745361,53.59217834472656
18237.363369785395,17992.434739559085,17946.88794856525,0.8785747773089545,0.8713080168776371,0.8682606657290202,131.46088027954102,85.58069491386415,54.376567125320435
18281.349390147338,17831.79744890907,18160.10940751969,0.8800469483568075,0.8575117370892019,0.8744131455399061,127.00910186767578,85.33161473274231,53.72481203079224
18280.316883109706,17965.263963740916,18172.07160169945,0.8692612444651596,0.8573759030529015,0.8666977394546725,116.90131568908691,85.22527551651002,53.493736743927
18369.1660434363,18125.340321035797,18271.13286714749,0.8695054945054945,0.8582875457875457,0.8651556776556777,120.87484550476074,80.33290219306944,60.030705690383904
18175.19888227275,17954.781888002,18038.43880719173,0.8676748582230623,0.8586956521739131,0.8650756143667296,123.11592292785645,88.43832325935364,54.075639486312866
18550.975324438277,18248.12214403641,18451.784860276195,0.8655211912943872,0.8517754868270332,0.8613974799541808,114.79885149002077,72.23077583312987,52.723471403121955
17924.963491482198,17793.341829875182,17894.614394383927,0.8610328638497653,0.8577464788732394,0.8629107981220657,118.24565196037292,71.1154718399048,56.20181035995483
18366.032621952927,18126.387191802467,18211.784689890075,0.8730269266480966,0.8635097493036211,0.8695450324976788,132.34428310394287,71.02396535873412,55.880942106246955
18044.587261943107,17772.654362275694,17869.04931079168,0.8797332698261491,0.8716361038342463,0.8754465348892594,124.09021520614624,72.39281654357909,57.64184093475342
18116.976237183117,17784.973830302933,18043.05041080594,0.8758507392630838,0.8613001642806852,0.8699835719314715,120.0529398918152,69.8737108707428,69.16052079200746
18173.46157206711,17810.187288699173,18090.195309797546,0.8725444340505145,0.8573433115060805,0.8725444340505145,133.4194533824921,73.72681999206544,66.08795046806335
18057.77138799441,17906.68565697673,18139.78614060959,0.8592592592592593,0.8539351851851852,0.8650462962962963,142.7301905155182,70.07588267326355,64.61944103240967
18150.286829743327,17972.469121241542,18045.797335803512,0.8678937558247903,0.8592730661696178,0.8646318732525629,126.14326119422913,71.63140106201172,64.90880703926085
18316.343506616988,17947.437703505824,18202.187080639185,0.8748841519925857,0.8537998146431881,0.8721037998146431,120.11372780799866,65.85928559303285,67.00983023643494
17905.07100392403,17623.441775907933,17844.62787479557,0.8825221769359866,0.8690961400143851,0.8803644210021577,124.93755674362184,72.36227774620056,67.47043299674989
18352.30837805428,17849.577382455453,18206.021516661982,0.8786475220009263,0.8568781843446039,0.8742473367299676,126.76711535453795,67.7886381149292,64.44327569007875
18313.76606790597,18162.436249167018,18341.927646568445,0.8796992481203008,0.8735902255639098,0.8836936090225563,122.11279916763306,76.22064113616943,66.67074418067932
18175.84839354416,17854.199138799013,18086.18122486016,0.8696365767878077,0.8567409144196952,0.8682297772567409,115.34699583053587,71.04856395721436,66.24800443649292
18523.83490544961,18211.921993977496,18401.540777368842,0.8599177330895795,0.8464351005484461,0.8546617915904936,121.61880826950072,70.93656373023988,61.19575500488281
18161.543074325047,17868.625599104973,18050.0691932046,0.866635687732342,0.8552509293680297,0.8631505576208178,134.24063110351562,69.37266278266907,63.76585817337036
18520.13440734191,18158.164033232548,18412.37893026245,0.8711375600823987,0.8546578164339665,0.8663309681849394,132.3597571849823,71.60262537002562,66.07702803611754
18219.138301360515,17951.08922497425,18157.4046782357,0.8862458784738577,0.8756476683937824,0.8857748469147433,153.5402500629425,69.48900556564331,67.49658489227295
18284.612601725785,17942.58599839902,18170.193182096453,0.8638229927007299,0.8510492700729927,0.8594890510948905,133.76946449279785,70.2853627204895,62.112725734710686
18133.33937404978,17744.72053469775,18061.996510220368,0.8681626928471248,0.8496961196820945,0.8644226273959794,131.21056246757507,71.78408718109131,64.18949866294861
17796.288880744967,17609.690084055364,17765.516200375387,0.8807009121459434,0.8734997599615939,0.8814210273643783,129.9999716281891,73.16766691207886,65.69513821601868
18195.36430688112,18022.56354739249,18265.993552059008,0.8511511283337132,0.8459083656257124,0.8554821062229314,126.65640258789062,68.22186470031738,63.00732445716858
17983.10321893905,17729.09057636104,17857.146045927104,0.8699952896844089,0.8638718794159209,0.8678756476683938,156.44618439674375,72.27466559410095,65.83095693588257
18251.31723251161,17965.531991856016,18201.639232824567,0.8762502907652943,0.8627587811118865,0.8746220051174691,140.36280155181885,68.81464624404907,67.50773525238037
18262.016993596666,17816.100256287245,18101.887384308004,0.8728950403690888,0.8555940023068052,0.8689734717416379,128.07485461235044,72.9112865924835,53.917447090148926
17970.248413126268,17450.323370035683,17913.66977153034,0.8803861549328938,0.8587238050388509,0.8801506946079586,122.3638882637024,76.43547916412355,52.72078084945679
18002.48521441647,17767.271306259532,18028.03010856199,0.8719886632026452,0.8646669815777043,0.875059045819556,119.55504488945007,71.26379442214966,56.158230304718025
17985.265269957054,17765.982649308615,17903.698215099586,0.8586448598130841,0.8495327102803738,0.8560747663551402,115.9016706943512,70.64629936218263,48.43305969238281
18223.1629932551,17649.418677814952,18086.887083936497,0.8738591153756143,0.8516264919260472,0.8701146735314768,152.13569760322568,69.59813499450685,55.216429948806756
18115.095080018084,17751.648938586208,17912.253661989504,0.8670666974382645,0.8534502654050311,0.8576044311100854,117.41718125343323,69.297687292099,51.81033873558045
18128.210832275403,17721.345807788373,17927.327814882443,0.8809240295308407,0.8647296975470351,0.8749702310073827,114.69549036026,70.62376475334167,52.58896064758301
18154.884028767672,17926.357265433213,18044.769850160006,0.886244645406949,0.8729176582579724,0.8781532603522132,116.55180144309998,68.21455097198486,56.52812623977661
18270.063594432897,17876.098627444877,18055.168519149876,0.8746485473289597,0.8577788191190253,0.866447985004686,119.55808591842651,77.0503797531128,53.64146137237549
17934.616103841403,17455.340534848263,17836.79510230132,0.88245152022983,0.8609049557098396,0.8795786449604979,114.52732133865356,73.40520119667053,52.692476511001594
18306.063903767285,17704.365828882554,17938.104335626642,0.8606839568510443,0.8377323846683498,0.8473720449850815,112.92868757247923,68.95791578292847,47.86625528335571
17863.580403281372,17384.125157610004,17766.444331365627,0.8958384035045023,0.8751521051350694,0.8919445120467266,115.5171914100647,76.41100883483888,54.24483609199524
18420.96802497541,18198.045538390557,18152.21796280708,0.8778269993005362,0.8696665889484728,0.8673350431335975,238.75027060508728,75.36146044731142,52.614529848098755
17936.013067846077,17562.852162095038,17837.045752318823,0.8583430571761961,0.8424737456242707,0.856242707117853,171.12115740776062,69.88884520530699,52.52024269104004
17891.59998777017,17650.370405415048,17705.924601711566,0.8702830188679245,0.8643867924528302,0.8622641509433963,130.22265696525574,72.1626753807068,55.03093147277832
18355.05291955038,18020.96921056615,18264.104429006242,0.8801691729323309,0.8705357142857143,0.8806390977443609,122.34582090377808,68.68736147880554,53.46250414848328
18124.4523290658,17749.90709505037,18045.231770812938,0.8847344605858538,0.8733031674208145,0.8852107644677304,147.71194911003113,73.17090797424315,55.850897312164314
18186.35062522109,17868.050602614498,17964.165343625333,0.8753521126760564,0.8626760563380281,0.8657276995305164,201.43004083633426,68.47756385803223,51.585129737854004
18325.691591084007,18035.26882298465,18077.89545219167,0.8789237668161435,0.8683030446070332,0.8742034458343168,120.69094610214232,65.79510831832886,52.825249195098884
18484.674489429428,17935.568978514257,18435.50372034422,0.8814504881450488,0.8575081357508135,0.8802882380288238,118.75695967674255,69.90154004096985,52.995705842971795
18533.96644002836,18200.404987557282,18381.183887426014,0.8699541284403671,0.8573394495412844,0.8646788990825688,119.49762582778929,74.1361882686615,57.70394825935364
17972.784238916316,17519.052354107724,17935.966987845302,0.8704566635601119,0.8532152842497671,0.8704566635601119,112.7908101081848,71.2124593257904,49.58411383628845
18163.9371066298,17652.251136745712,17894.436343087033,0.8841262364578427,0.8643429109750354,0.8742345737164392,115.45302653312685,71.71199321746826,53.12237930297852
18268.320845429287,17972.64697112438,18118.62439651821,0.8738591153756143,0.8626257898432015,0.8663702316873391,115.10884690284729,68.00695776939392,52.449103355407715
18249.26442100849,17877.911891736418,18246.396892867124,0.8738927738927739,0.858041958041958,0.8745920745920746,117.36276912689208,70.22016906738281,52.29071640968323
18116.69825174143,17697.42136426432,18137.576091592106,0.8606652709932543,0.8474063735752501,0.8667131891137474,122.11725902557372,68.85760140419006,56.11447310447693
17582.042082599386,17513.73668454379,17612.802727702052,0.8652037617554859,0.8666505907885218,0.8736435977815288,123.35496854782104,68.77427554130554,51.61276912689209
18073.121057190787,17639.591905062378,17932.32475583246,0.8793993430314406,0.8587517597372126,0.8740028155795401,118.43216919898987,70.67025208473207,53.10005474090576
18063.973962323522,17656.125793811803,17846.913652307045,0.8840066146940704,0.8677061185920151,0.8778643987715569,117.11211633682251,70.31935429573059,50.517543077468865
18254.929671605547,17678.395364730797,18136.664618909806,0.8646703806870938,0.8428505106778087,0.8625812441968431,112.08439183235168,68.66400909423828,52.13200950622559
17998.865119021724,17646.865129897233,17853.894910248477,0.8857619842594799,0.8709754352492249,0.8817076079179585,116.3707754611969,66.25978708267212,52.80077123641968
18271.568838300536,18005.88337877857,18124.228307179128,0.8701867650449621,0.8593497809545769,0.8623472446391515,118.4854564666748,70.41965651512145,55.53189492225647
17909.467600251355,17524.31639292553,17716.42564875005,0.891964068948774,0.8786113134255887,0.8861374119932023,121.60263919830322,75.25678515434267,59.375630855560296
18333.280732155006,18131.719170199838,18157.86019246802,0.8736327670467768,0.8643239469397254,0.8689783569932511,120.6431884765625,66.58792495727539,49.77355480194092
18628.44907881975,18273.717255673644,18266.044599965746,0.8572398190045248,0.8425339366515837,0.8457013574660633,120.22925615310669,67.39686465263368,51.691290378570564
17942.097549752016,17728.161508767644,17816.360362416344,0.8716136631330977,0.8624263839811543,0.8685512367491166,118.73873209953308,68.4818000793457,51.58570194244385
18026.755726990155,17589.742400269562,17833.153513082394,0.8834166071853438,0.8674756126576255,0.8765167737330478,119.09650468826294,71.4650945663452,51.317917346954346
18090.67726086569,17727.185767022987,17998.734163515233,0.8956228956228957,0.8792688792688793,0.8944203944203944,119.20733690261841,68.04063773155211,54.653316259384155
18266.960079627726,17939.423418975068,18298.10174118024,0.8804957904583723,0.8692703461178671,0.8828344246959775,113.70423579216005,71.42508673667908,53.33836889266968
18086.271217822563,17865.343147377163,18108.52715758365,0.8688601645123384,0.862984723854289,0.8749706227967098,129.21303725242615,69.14718270301819,54.009011030197144
18210.630514078654,17878.606055776298,18082.97661433124,0.8695045359385903,0.8578739241684112,0.8662479646429402,111.2852907180786,66.4050645828247,57.57085061073303
18033.865185518716,17697.905841921107,17864.400656255755,0.8767705382436259,0.8654390934844193,0.8703966005665722,126.65055179595949,64.96521019935608,56.02962183952332
18466.79376602517,18086.137122984765,18471.1735100692,0.8756931608133087,0.8574399260628466,0.8784658040665434,133.39062309265137,69.50859260559082,56.38464188575745
18170.157058507742,17785.975129563376,18058.40900082629,0.86299139334729,0.8483368225168644,0.8597348220516399,166.5577578544617,69.54756689071654,52.67496085166931
18233.81461482117,17727.471174596565,18043.528525289894,0.8752647681807484,0.8580842551188514,0.8705577783007766,149.34889507293698,71.0322687625885,54.40523314476013
18130.369126430367,17829.60186564963,18052.522092104315,0.8775317946302402,0.8664625529910503,0.8768252472915685,131.7466526031494,70.07767796516417,58.451576709747314
18035.28812590932,17741.896598745,17902.546241649572,0.8742843511450382,0.865219465648855,0.870706106870229,127.07141399383544,68.42825198173523,56.47854542732239
17911.021171474542,17724.999713802754,17929.5633571932,0.8783589251439542,0.8718809980806143,0.8807581573896354,132.92864465713498,69.41994571685791,52.46848821640015
17847.327087694393,17396.87720279297,17648.837972663092,0.8766634980988594,0.8614543726235742,0.8690589353612167,128.7468497753143,72.3079090118408,53.708104372024536
17845.096051550292,17611.985636956117,17554.582290363258,0.8732966770260578,0.864929476452307,0.8639732249581641,127.60948324203493,68.25797820091248,54.82445597648621
17641.904527181843,17513.320465692166,17700.16605727358,0.873666343355965,0.8722114451988361,0.8799709020368575,122.99054574966429,73.02230262756349,56.21427845954895
17721.523349377734,17601.144313621637,17684.02505470375,0.8724768463547851,0.8705770600807409,0.8762764189028734,140.22879481315613,74.0735170841217,52.90771842002869
18245.027774845614,17902.474056332558,17978.824448278083,0.8775462420978694,0.8644345586513698,0.8695855771482088,124.20908570289612,67.20819187164307,54.21853828430176
18048.3776729876,17692.832676122995,18041.75284259576,0.8677472398402631,0.8513037350246653,0.8700963119567771,124.30905866622923,66.6408531665802,52.64087271690369
18234.429380079244,17839.578638198735,18193.371831026016,0.8701509872241578,0.8578397212543554,0.8701509872241578,118.60662150382996,67.39095282554625,51.776719570159905
17959.34868586801,17590.805836282332,17805.982480180963,0.8930984555984556,0.8757239382239382,0.8870656370656371,135.49242734909058,70.45667934417725,58.4253466129303
18056.00921978116,17627.802788065732,17846.300577932438,0.8840892728581713,0.8680105591552676,0.8783297336213103,124.6650652885437,69.77011346817018,54.41841149330139
18101.91920221889,17803.209538621948,17966.763450457725,0.8831908831908832,0.8715574548907882,0.8791547958214625,124.9718143939972,69.38439869880675,58.62282752990723
18076.36529487272,17780.30655114508,17904.498603807668,0.8903350204868643,0.8804531212340323,0.8857556037599421,136.06206154823306,73.13341689109801,51.63262414932251
18324.593609343083,17925.590392579383,18175.88764402902,0.8817779846404469,0.8661857109611357,0.8787526181056551,139.5722804069519,70.07816934585571,54.546526193618774
18264.33097384492,18165.513368616088,18093.021725669125,0.8586088939566705,0.8545039908779931,0.8501710376282782,134.84217882156372,63.09698820114136,54.558711767196655
17967.22978943094,17633.90963188474,17892.92301773544,0.8711642070742562,0.8587491215741392,0.8692902319044272,129.2355182170868,69.29218912124635,55.04168105125427
18293.539364853452,17902.009510034637,18250.631853460935,0.8588074023303632,0.8444139821795751,0.8615490061686086,156.4852752685547,68.98119378089905,51.72462749481201
17972.9932446444,17802.977105324167,17942.883066637867,0.8808612440191388,0.8794258373205741,0.8830143540669857,129.54890871047974,73.05315256118773,52.39841175079346
17928.139103144527,17560.71767456772,17676.596431832226,0.8733445701902239,0.8605827112930412,0.8641945581507344,127.48582744598387,69.41621994972229,48.99149131774902
17944.80377618978,17654.781038966335,17938.786154515532,0.8841170825335892,0.8754798464491362,0.8843570057581573,133.00859117507937,65.35783815383911,52.337767124176025
18294.466624463228,17956.566061659476,18179.048322120918,0.8774703557312253,0.8644501278772379,0.8737502906300859,131.11894536018372,69.39741921424866,52.26567149162293
17995.796216918083,17636.3773323972,17774.787556281768,0.8882254597563888,0.870074038691187,0.8784332457606878,120.99337100982666,69.0806155204773,51.51919507980347
18087.581195265346,17887.383685535846,17921.634255163317,0.8718428437792329,0.8678671655753041,0.8690364826941066,122.96270060539246,67.61168360710144,54.01559567451477
18219.52529831556,17914.646848961984,18131.96689717033,0.8763542157324541,0.8634008478568064,0.8721149317004241,119.10382580757141,69.02097749710083,50.399048566818244
18080.88486802777,17848.404702296368,17932.330575831,0.8845336481700118,0.8736717827626919,0.8779220779220779,123.27747464179993,70.21705055236815,55.15579104423523
18132.8235333491,17890.26389080827,17847.747347256005,0.8832414289139295,0.8765284104531288,0.8738911532006713,136.28371858596802,69.08401799201964,51.19434690475464
18457.990832359632,18200.550621676623,18369.252823358078,0.8822843822843823,0.8689976689976691,0.8769230769230769,130.21820068359378,65.17008900642395,51.84322929382324
18297.76616638623,17929.584152808897,18220.4015750934,0.8715277777777778,0.8581018518518518,0.8706018518518519,146.38847684860232,68.19825387001039,55.45078802108765
17971.561427405817,17597.659393153066,17902.270136569554,0.8709981167608286,0.8571092278719398,0.8705273069679851,147.60731935501101,66.66816854476929,53.657355546951294
18336.436171948964,18096.31960281461,18267.736706946765,0.8801778609875965,0.8689445354551837,0.8783056400655277,139.12228655815122,66.05463051795961,53.142999172210686
18439.851561319403,18132.201052554992,18407.065862556472,0.8784286378428637,0.8705253370525337,0.8814504881450488,156.66636085510254,68.57086992263794,51.128939628601074
18420.698084120577,18044.218063840777,18343.77079417537,0.8773364485981309,0.8630841121495327,0.8728971962616823,176.28479528427124,68.64741516113281,54.54482007026672
18300.625135082017,18045.16998184536,18191.48103770228,0.8716341689879294,0.8625812441968431,0.8686165273909007,224.58311080932617,63.30974960327149,53.407981157302856
18088.5106547992,17840.54957488688,17917.75476233066,0.8895001195886152,0.8799330303755083,0.8828031571394404,237.3261797428131,64.04433393478394,52.24207878112793
18393.310442109883,18040.473064167418,18301.64964152407,0.8665598535133898,0.8544289311055161,0.8640421149004349,203.2222323417664,66.04951357841493,53.80563354492188
18429.76190437581,17982.13770572478,18274.990574485342,0.88,0.8617543859649123,0.8739181286549708,173.64540457725525,66.72276973724365,51.31250882148743
18405.960885186283,18148.452940649684,18270.092144467373,0.8844161958568738,0.8754708097928436,0.8785310734463276,161.1172399520874,69.94433975219728,51.55630397796631
18150.24215775324,17873.832264900444,18075.54941501828,0.8681267474370923,0.858574091332712,0.8697576887232059,147.9183120727539,68.07613492012024,50.40852355957031
18325.91644839354,18138.4391915424,18339.566794455885,0.8556346109708515,0.8505852650906587,0.8597658939637365,168.20968961715695,68.77971339225769,49.278905153274536
18174.498001375145,17857.508398209928,17924.618190403966,0.8702325581395349,0.8551162790697674,0.8602325581395349,157.80086898803708,67.2696306705475,54.71362709999085
18195.02361024296,17817.76027836249,18052.002683052637,0.8845971563981042,0.8718009478672986,0.8812796208530805,167.2715516090393,69.42852330207825,50.61462450027466
17930.937402158,17821.2152763023,18073.61626418433,0.8639551192145862,0.8609163160355306,0.8719027582982702,155.02928495407102,67.63795232772827,58.14842224121094
18116.011327121432,17845.180538596105,18117.478198635057,0.881572714353387,0.8678351492183799,0.8820464234959735,144.9101700782776,66.66894912719728,51.45708751678467
18325.78802673273,18031.1897494477,18290.939320190242,0.8720930232558141,0.8625581395348837,0.8725581395348837,157.18360090255737,68.33291435241699,54.47791409492493
18089.960331630813,17712.536684721083,17914.843168460582,0.89568345323741,0.8839328537170263,0.8882494004796163,204.0497136116028,63.45231056213379,54.03891110420227
18205.785929196587,17825.674151466654,18074.285832499754,0.8839896250884225,0.8710209856165999,0.8832822447535958,149.53081226348874,64.07635545730591,50.243921995162964
18100.173091060067,17787.430783744174,18005.99449394045,0.8705938017506506,0.8620771232552638,0.8698840785427017,128.47256970405581,69.97581338882446,57.10163164138794
17818.83463764736,17567.230408328007,17770.146462930294,0.8872253078966433,0.8770828302342429,0.8891572084037672,120.27310514450072,67.18274331092834,52.48041081428528
18114.804015257163,17583.00931053846,17906.688645160164,0.8739770867430442,0.8545709609539397,0.8688332943652093,142.8924202919006,70.83415961265564,50.69110131263733
18524.628392336737,18019.150764939266,18478.225870622875,0.8760407030527291,0.8566142460684552,0.8755781683626273,168.62575793266296,66.57605051994325,56.583487749099724
18126.70306468035,17640.281835722595,18094.92330063161,0.8775029446407538,0.8584216725559481,0.8758539458186101,189.631365776062,68.24215149879457,52.47999858856201
18048.7973094734,17587.9873250228,17955.24197880135,0.8685015290519877,0.8492119501293813,0.8668548576805457,202.7473473548889,71.7754213809967,55.504870176315315
18443.984782661893,18020.32497564973,18252.02385393867,0.8741355463347165,0.8566159520516367,0.8683725218994929,198.6755268573761,67.99996948242189,52.77326488494873
17955.387525919512,17569.931421482757,17765.809469078045,0.8857349049795525,0.8696175126293001,0.880442626894395,188.29356622695926,68.07672286033629,51.75982546806336
18175.3581056149,17836.192367996886,18067.711919272595,0.8558951965065502,0.8460124109400138,0.8570443576189382,177.5256149768829,71.42984843254091,50.27322626113892
18145.798910686422,17898.442295113586,17917.993514499096,0.8781641826354388,0.8675183345162053,0.8713035249585995,173.4207582473755,65.26808285713196,54.08438777923584
17886.4359095649,17716.323489517818,17857.249533264017,0.8680310515172901,0.8640319924723594,0.8696777228887321,184.00635194778442,66.20498275756836,51.4341607093811
18022.030169269838,17831.26166426806,17989.119495949788,0.8912064470253614,0.8852808722446077,0.8909694240341313,182.6008470058441,74.71097922325134,52.616615772247314
18242.515539098546,17810.256457890267,18144.11993282377,0.8775365738555923,0.8600755073147711,0.8761208117036338,182.80481195449832,69.44123911857605,55.660528659820564
18049.24896014376,17716.733761304782,18070.7332923744,0.8771226415094341,0.8658018867924528,0.8790094339622642,184.42852926254272,66.87689423561096,56.01857376098633
17777.852141941126,17501.592535626787,17760.719234266136,0.8647492274780129,0.8566674589969099,0.8687901117185644,184.7649209499359,62.24556064605713,53.29952502250672
18346.413128982087,17884.726670858385,18216.308171758625,0.8661233993015134,0.8512223515715949,0.8654249126891734,182.87239789962769,69.55753421783447,51.398600101470954
18231.495857089583,17894.560687342808,18109.855802971717,0.8738591153756143,0.8612216241516499,0.8719868944535455,181.0965483188629,69.53677296638489,52.87651062011719
18188.89123586137,17812.001391531492,18069.71334271181,0.8798303487276155,0.8647502356267672,0.8748821866163996,183.8389616012573,68.54458427429199,53.89660954475403
18201.371933661998,18025.7702072008,18185.553603505883,0.8692325527475075,0.8636679805239972,0.8720148388592627,176.72455215454102,69.64370679855347,52.70783019065857
18256.197796806166,17940.965311386382,18233.878225339733,0.8780317164179104,0.8645055970149254,0.8775652985074627,194.60246086120603,70.50317263603209,54.612881660461426
18365.030239735413,18009.16395062323,18231.52668156856,0.8772977941176471,0.8621323529411765,0.8708639705882353,178.02845287322998,65.49111270904541,49.935439109802246
18274.965457577826,17912.711490180845,18155.478830100583,0.8673445805407903,0.8548648024035128,0.8673445805407903,177.05526900291443,63.8249454498291,52.5281195640564
18251.493325999018,17910.595248523634,18190.30459431863,0.8741845293569431,0.8632339235787512,0.8783783783783784,177.18806195259094,70.96290564537048,55.75634527206421
18276.25635942661,17824.652994262884,18058.175188625104,0.8770053475935828,0.8625900953266682,0.8674726807719135,179.33222150802612,66.13210701942444,49.963738441467285
18364.856516184318,18094.066765990083,18186.980177769117,0.8808241629594943,0.8754390072582533,0.8794193397330836,178.76786041259766,70.53065061569214,53.26054358482361
18301.44652885389,17975.289806921082,18260.736625653328,0.8816678313533659,0.8697880270207314,0.8856277661309108,188.32329869270325,71.27787160873412,52.04679131507874
17885.41643532655,17563.436356865164,17782.46262378834,0.8784398181383106,0.8650394831299354,0.8755683177793729,177.72045922279358,65.68947768211365,54.56064033508301
18153.61550922149,17801.203222703596,17944.44139342564,0.8954436450839328,0.8839328537170263,0.8906474820143885,181.96253299713132,64.06074953079225,52.827688694000244
18290.96127555097,17887.01796357707,18152.849961418797,0.8801973220577872,0.8628141883955838,0.8787878787878788,180.13860082626343,65.73910355567932,53.54406952857971
18082.129710081266,17629.380881298992,17918.142814272196,0.8717411545623837,0.8524208566108007,0.8689478584729982,167.20754575729367,65.20062923431396,49.96583223342896
18400.48250668462,18152.905464170828,18315.10628817143,0.8769445089389366,0.8676573020664036,0.87717668911075,170.44064140319824,60.948599338531494,53.17874312400818
18166.687815404486,17931.71956160919,18096.06494084754,0.8631627691595277,0.8559851817550359,0.8657096550127344,161.54382944107056,68.73594093322754,51.8716049194336
17900.43653512364,17708.87477791607,17834.436082689943,0.8710588235294118,0.8656470588235294,0.8712941176470588,169.58883237838742,67.5538227558136,51.88904905319214
18216.70101839328,17754.1801142747,18019.846604264567,0.8774269005847953,0.8570760233918129,0.8683040935672515,167.5227015018463,63.60665845870972,50.05095291137695
18178.3480350541,17813.580593482588,18122.11085417825,0.8789237668161435,0.8692471088033986,0.8801038470616002,168.98843312263492,68.05107140541078,52.323385953903205
17816.300920468835,17417.69126158964,17746.2163200951,0.8824658191412809,0.866874550251859,0.8810266250899497,180.29988265037537,72.9786937236786,51.49333667755127
18180.667478042324,17691.69700921715,18034.87561439366,0.8755274261603375,0.8563056727613689,0.8727144866385372,177.34429216384888,74.30464196205139,51.249159336090095
18187.933196789592,17986.62654913653,18168.361687476656,0.8782383419689119,0.8721149317004241,0.8841262364578427,176.7849268913269,71.9330894947052,52.221218824386604
18129.987520353417,17810.54737757623,18109.150025158244,0.8830367734282325,0.8690391459074733,0.8811387900355871,164.88665676116943,74.53887391090394,49.77437496185303
18639.378429318986,18311.300390768258,18490.83354249693,0.8645973909131804,0.8531264057579847,0.8618983355825461,176.33905696868896,74.43511772155763,48.1354124546051
18016.62879618535,17721.810981595125,17976.409554457976,0.8776431456402946,0.8652886671418389,0.8762176288904728,158.02268838882446,71.30422186851501,50.68624305725098
18129.911937504243,17807.68996218796,17959.27325932856,0.8580346820809248,0.8439306358381503,0.8517919075144509,169.25555491447452,81.93771004676819,52.65669846534729
18144.155097524694,17821.08393465765,17962.122414230875,0.8834196891191709,0.8742345737164392,0.8787093735280264,164.20151853561399,74.55767273902894,52.192381620407104
18292.443616674587,18001.047898903897,18177.986258042733,0.8857951864086834,0.8737612081170364,0.8831996224634261,166.31386828422546,75.43540787696837,52.83964276313782
18308.930143125755,17947.413218616894,18269.951421271773,0.8625374165323509,0.8494128482615704,0.8623071609486529,161.05261135101318,72.32236552238464,53.54861378669739
18330.16157537491,18025.480488944904,18214.84596947404,0.8751461304652794,0.8685994856207622,0.8753799392097265,163.16068315505981,74.22547197341919,51.696064949035645
18205.503910238956,17851.26256776239,18071.500362947103,0.8695753074959387,0.8551868182873057,0.8653980041773033,167.29536247253418,69.562828540802,53.44729781150818
18460.01398154629,18134.011918323595,18454.001963720868,0.8575336220651926,0.8486437200820607,0.8623204923638021,151.74635386466983,75.62420964241028,53.20120406150818
18189.53760691932,17843.652646934126,18188.276750327168,0.8850438492533775,0.8739037686655605,0.887177056174449,161.98921418190002,72.89058899879457,49.371753215789795
17998.442472234467,17711.975533352084,17871.70931469538,0.8777593164016141,0.8642297650130548,0.8730121053880845,160.3565518856049,72.49886274337769,52.13432192802429
17813.471821516567,17647.516322853357,17595.58895670453,0.8845043310875842,0.8794513955726659,0.8765640038498557,170.65115547180176,74.63532495498656,52.278090000152595
17664.28843931892,17317.446344907832,17613.098416723256,0.8856034900630151,0.8744546776539021,0.8885118759088706,172.43620419502258,65.8916003704071,52.18190431594849
18227.535531328016,17941.150211180633,18179.235178655093,0.88183092013078,0.8724894908921065,0.8822979915927137,158.7731475830078,69.22873115539551,54.00552916526794
17681.053000140833,17415.42886799012,17532.240217295348,0.8719235364396655,0.8623655913978494,0.8681003584229391,167.14931416511538,65.86623549461365,50.48489999771118
18146.342300376407,17985.593505416018,18040.05146903732,0.8726293608054321,0.8677124795129946,0.8745024584406462,160.24985170364383,67.67491722106935,53.4417200088501
18099.508494930997,17920.415409844012,18018.582192368194,0.8750584932147871,0.8671034160037435,0.8729527374824521,172.97669172286987,72.23050165176393,47.95217657089234
18090.7894924073,17726.197599012085,17943.36211148151,0.8789659224441834,0.8658049353701528,0.8745005875440658,158.79174208641052,68.92243361473082,50.41909408569336
18394.662150337208,18036.267139429165,18242.014297951308,0.8785927799494136,0.8645665670269027,0.8760634628650265,164.9266459941864,62.840141773223884,53.59068250656128
18293.277668384944,17906.253996221083,18181.764827385898,0.8666055466422187,0.8514783405913362,0.8638551455420582,159.9854078292847,65.24813890457153,51.743123292922974
18159.617466967375,17741.40415277722,18071.54638319744,0.8782096584216725,0.8610129564193169,0.876796230859835,165.27343654632568,66.1942491531372,53.00712943077088
18360.928581789958,17955.0161257677,18178.254169267177,0.8848513449740444,0.8695139216611609,0.8782444549315715,162.45021033287045,67.5527925491333,51.35520124435425
18370.155144477045,18086.32921129529,18268.019697094518,0.8823803967327888,0.8746791131855309,0.8791131855309218,159.49011015892032,64.51884841918945,53.5550103187561
18125.36994149609,17843.681093372186,18096.53030781691,0.8758231420507996,0.866650987770461,0.8781749764816557,165.77343416213992,64.19134640693665,53.313995599746704
18012.27927523703,17683.732516761644,17832.334598251557,0.8851286939942803,0.872974261201144,0.8810772163965681,161.91273212432858,68.50715136528015,52.55652832984924
18168.442819562628,17980.943927933444,18131.672255232494,0.8751178133836004,0.8711121583411876,0.8744109330819981,163.17499351501462,66.41837072372437,56.39904451370239
17855.070898303173,17509.261631479036,17765.03295401431,0.8721983786361469,0.8621840724845017,0.8719599427753935,158.7056655883789,65.65711164474486,49.576468706130974
18251.68554880186,17971.207140629533,18132.24254172333,0.8789153810191679,0.8702664796633941,0.8782141187470781,160.49181604385373,67.71244072914125,53.28436064720154
18483.579342212724,18188.468044484853,18265.663229486312,0.8766712770862148,0.8681420009220839,0.8672199170124482,155.81997323036194,68.31686949729921,50.76707053184509
17820.07766795381,17403.088911936884,17643.997656100582,0.8809523809523809,0.8638768638768639,0.8739778739778741,150.24801993370056,66.41026186943054,54.098684787750244
18140.860013300757,17689.051451086823,18063.466188487437,0.8719943422913721,0.8550212164073551,0.8719943422913721,154.1015295982361,68.05512475967407,48.74483132362366
18513.99691667772,17896.420825555095,18372.676140035277,0.8796382189239332,0.8562152133580705,0.8754638218923934,152.34360218048099,49.66351771354675,55.32439708709717
18416.33405818884,17999.148847829405,18333.430500204584,0.8875203346502439,0.8717174064606089,0.8870555426446665,155.36917519569397,45.470776796340935,47.69122290611267
17951.51958308164,17766.570160504118,17973.58792289936,0.8738439649039602,0.8700497984349064,0.8752667773298554,151.97671723365784,46.924784660339355,55.09903192520142
18100.32639488486,17802.650212568158,18097.053509671932,0.8790018832391714,0.8691148775894538,0.8813559322033898,156.6662020683289,53.14193820953369,53.978774070739746
18432.729833002457,18200.336218923232,18236.304114134062,0.8838360037700282,0.8758246936852027,0.8795947219604147,158.55075407028195,52.965819597244256,51.25731420516968
17997.729338850146,17804.29510885586,17936.733941612943,0.8746177370030581,0.8663843801458481,0.8736767819336627,158.4810171127319,52.64346075057984,52.13369011878967
18345.88373741191,18051.84690810613,18267.04850158592,0.883298392732355,0.8730491497787095,0.8839972047519218,154.1576976776123,49.60519289970398,47.42392134666443
18305.863828235008,18005.368146544883,18226.131089728216,0.8626006904487917,0.8517836593785961,0.8591484464902186,146.9404671192169,48.940778970718384,51.954196214675896
18383.406138329552,18007.00522570864,18243.87571796725,0.8670385867038587,0.8547187354718735,0.8651789865178987,154.54848885536194,49.31683301925659,48.99436092376709
18115.006193971247,17781.333208978245,18086.1578607819,0.8793345829428304,0.8676194939081537,0.8828491096532334,153.2891809940338,48.66430616378784,52.91270446777344
17886.332131587733,17619.50601992526,17881.57937597876,0.8793061912792098,0.8670199951818839,0.8829197783666587,153.7316241264343,49.877117395401,50.51780343055725
18192.746250405748,17937.728999748313,18126.01294670636,0.8680603948896631,0.8596980255516841,0.864808362369338,148.57766294479367,49.260897397995,52.098963975906365
17802.35464839311,17403.832382772525,17793.256040211134,0.8835186080231996,0.8702271628806186,0.8888351860802322,154.41908431053162,49.11470365524292,50.67029118537903
17976.898846017728,17801.518847020492,17879.098919421718,0.8703747348574122,0.8644826773509309,0.8675465472543012,152.5936012268066,48.04902052879334,49.17675304412842
18243.00899190929,17991.68467272754,18129.08304563228,0.8704603284755956,0.863058061531344,0.8674531575294934,149.79227757453918,51.86647820472717,49.59526586532593
18184.73498714926,17931.59523871946,18212.33751422017,0.8699110903135236,0.8621899859616284,0.8755264389330838,163.1373987197876,48.35574769973755,50.24735164642334
18462.60379593915,18137.042054722257,18205.648660177703,0.8834070281591808,0.8713055620200141,0.8759599720735397,153.15243530273438,49.70685625076294,56.56734991073608
18260.405344138177,18015.82046712857,18279.100069260207,0.8889415107743309,0.8780487804878049,0.8929670850106559,149.28879213333133,48.3046760559082,44.278578758239746
18052.497224445633,17811.717807073608,17968.93789380171,0.876388560623966,0.8671708815882769,0.8752068069014417,151.9155933856964,50.13496947288513,53.39053702354431
18101.45139685785,17726.56769090282,18001.172177201224,0.8854364326375711,0.8704933586337761,0.8837760910815939,150.80998110771182,50.890385389328,51.87852907180786
18179.230153958477,17914.448774874196,18171.140388645475,0.8757048872180451,0.8660714285714286,0.8759398496240601,146.90004611015317,48.08960366249085,52.56187987327576
17775.195483483978,17664.75734368554,17819.385925221148,0.8851985559566787,0.8818291215403129,0.8888086642599278,157.4504144191742,49.73924660682678,51.35567092895508
18079.17507568118,17812.635685235677,18032.66497475765,0.8848528015194682,0.8725071225071225,0.8848528015194682,145.3372676372528,43.87088561058045,47.0275514125824
18648.29195345856,18201.932309725813,18375.28722829966,0.8656278229448962,0.8491418247515808,0.8554652213188798,153.29874277114868,43.898642778396606,49.858811378479004
18260.39886796144,17971.79870638212,18085.38503085397,0.881849710982659,0.8698265895953757,0.8744508670520231,146.1391046047211,45.04078102111816,51.08849120140076
18325.035429128628,18074.99955315256,18067.348776779192,0.8742777906170557,0.8627224404899468,0.8622602264848624,150.6271071434021,47.03513264656067,47.57917213439941
18147.3785451702,17757.50909806167,17812.025474532842,0.8717707844058243,0.8548614372945045,0.8595584781587601,156.7564272880554,45.82522535324097,48.024348974227905
18216.801576550788,17875.044045610142,17895.463722347195,0.8911645629911884,0.8799714217670874,0.8814003334127173,153.39963674545288,44.502509117126465,47.262994289398186
17934.271205688892,17624.423818514508,17655.548456565582,0.887104506232023,0.8741610738255033,0.8755992329817833,151.03478288650513,44.24045896530152,47.288304805755615
18255.45159429595,17945.988155933977,18104.164269624525,0.8806497175141242,0.8677024482109228,0.8771186440677966,150.1378891468048,43.25203943252564,50.59961247444153
17905.030558403894,17490.663967772576,17584.818379235294,0.8889698736637512,0.8724489795918368,0.8775510204081632,151.2626192569733,45.84048271179199,50.68494176864624
18298.15897115277,17929.51696844461,18190.396372149626,0.8702112839563502,0.8572091943348038,0.8653355003482702,146.9155788421631,45.60590553283691,51.14873909950256
18219.47655568999,17846.490202445948,18130.163948186535,0.8786167960479887,0.8675605739825923,0.8769701246765467,148.12699770927432,44.758545637130744,48.684892892837524
18412.729028838472,18062.562769310003,18124.355204757874,0.8794063079777366,0.8661873840445269,0.8712894248608535,153.75059962272644,44.53110766410828,52.33890986442566
18193.922159017304,17796.342862358233,17678.395412546382,0.8647398843930636,0.8483236994219653,0.8436994219653179,143.91071677207947,44.12136483192444,54.82854580879211
18259.509125325832,17977.887536788312,18176.48269238248,0.8780658724597057,0.8698902125671573,0.8792338238729269,154.0192413330078,46.547580242156975,53.72376012802124
17988.43063738295,17767.39815346185,17815.011468545803,0.8664310954063604,0.8607773851590106,0.863133097762073,148.54102349281308,46.902888774871826,53.27238821983338
18252.868680672917,17733.354855527625,17985.01138782191,0.8762214983713354,0.8562121917170777,0.8683108422522103,148.8978929519653,44.170620441436775,56.5603985786438
18200.33759699997,17826.148236322955,18172.803044312117,0.8799719232569022,0.8668694431445952,0.8841834347215723,148.6667056083679,49.776469230651855,57.42778968811035
18273.6946795828,17905.39615847022,17997.610421238063,0.8909005407947331,0.8739713143663297,0.8791441335527863,149.352719783783,46.46128153800965,56.600248098373406
17743.926196431643,17398.01867857653,17590.784837530977,0.8826370441922241,0.8720115914030427,0.8768413426708525,153.593510389328,45.83464121818543,54.07335352897644
18142.009953668334,17837.13298803984,17945.588663787505,0.8884934756820878,0.8737841043890866,0.8823250296559905,151.3575565814972,45.7087721824646,59.98951864242554
18156.696568299867,17884.221310992514,17569.242637094354,0.8543911946801193,0.8459069020866774,0.8330658105939005,151.12154531478882,46.6004102230072,56.21664237976074
17993.131751870533,17705.19831701898,17694.71994341481,0.8736250877603557,0.8607535689211326,0.8581792651532881,153.66227221488953,45.22205471992493,53.71929955482483
18021.621405198603,17618.289803149564,17839.5214168764,0.8821157495256167,0.8659867172675522,0.8733396584440227,152.31333756446838,47.68442916870117,56.15422248840332
18373.963343858966,18025.4221154011,18270.094917012342,0.8881578947368421,0.8773496240601504,0.8860432330827067,158.2664730548859,52.19325184822082,56.89568948745728
18103.74901013714,17764.91218034182,17980.00298761697,0.8867429661421078,0.8755364806866953,0.8865045302813543,150.53834962844851,48.770323753356934,54.48844003677368
18338.190263221786,17947.14117308518,18130.982183465672,0.8693943596856218,0.8534442903374942,0.8599167822468793,151.4399878978729,42.31513023376465,57.54798007011414
18167.613061468408,17861.536960870595,18173.091687929642,0.8796208530805687,0.8675355450236967,0.8812796208530805,150.28018045425415,45.30490374565125,54.07584047317505
18349.0184711722,17933.121328187237,18140.20729880813,0.8677685950413223,0.8528466483011937,0.8620293847566575,159.72057414054868,46.848631858825684,56.346827268600464
17823.425315096334,17497.582557461392,17496.703737691787,0.8718861209964412,0.8607354685646501,0.8595492289442468,148.91359758377075,47.573866367340095,55.29235553741455
18193.9256056304,17819.006395010383,18035.820291349806,0.8967971530249108,0.8794780545670225,0.8918149466192171,151.53263664245603,47.05176949501038,58.31436324119568
18258.804356257617,17872.623872271484,18071.277175134037,0.875293565054016,0.861672146547675,0.8708313762329732,152.11190581321716,45.70227909088135,57.828564405441284
18306.53957632944,17894.092803134296,18080.66071723329,0.8832306963524396,0.8713879677877783,0.8763619137849359,143.21837663650513,43.86800527572632,49.06403517723084
18320.754620230106,17911.316962489356,18215.932109035733,0.8791540785498491,0.8661399023936788,0.8796188705554264,152.93310666084292,46.78966736793518,50.158269166946404
18168.509580786093,17744.63930252467,18018.528548818882,0.8684149454629845,0.8521698770016245,0.8667904386168485,142.47766804695132,43.64204597473145,53.94569063186646
18301.497251562883,17882.943149321407,18367.547961890927,0.8771355019892347,0.8633278726889773,0.8848584132927686,153.1044216156006,45.63888454437256,51.581007480621345
18229.571923723932,17937.771552393013,18138.919108362992,0.8785747773089545,0.8689639006094703,0.8792780121894046,153.5871727466583,45.51837921142578,51.060368776321404
17971.939935937353,17672.059242001927,17889.259981673113,0.8840057636887608,0.8734390009606148,0.8842459173871278,146.79623866081238,45.5241961479187,51.29169011116028
18125.631890926543,17777.892645132502,18095.93095772136,0.8766863905325444,0.8653254437869823,0.8797633136094675,154.0889012813568,45.00184082984924,52.63511300086975
18410.027019345118,18193.75968529965,18309.923138933,0.8872109485606419,0.8796602170835299,0.8865030674846626,142.63533234596252,44.60058879852295,53.055548191070564
18596.25589374069,18196.10273358405,18490.93779252946,0.8774386045444112,0.8625200826256598,0.8765205416571035,152.6430940628052,45.89701533317566,52.040791988372796
18103.197625634435,17815.933692077928,17865.162511021328,0.884026781444285,0.8790052606408417,0.8833094213295074,145.15805506706238,52.450649738311775,51.52846598625183
18227.21459546831,17882.93813047106,18122.522210243376,0.8841607565011821,0.8680851063829788,0.8817966903073287,152.60946679115298,49.03019404411316,49.31723403930664
18015.60339435795,17773.85979429314,18030.53458187701,0.8740250531789175,0.8631529189316947,0.8756795083904514,152.79883050918582,47.792884349823,50.01641607284546
18015.670906040883,17817.04869691126,18028.052736028094,0.8742641864845774,0.8660230751118436,0.8763833294089945,149.64346742630002,49.28359293937683,50.346426486968994
18085.354036613156,17807.055845659786,18153.77826448537,0.8656681488415633,0.8534987128481161,0.8689445354551837,154.0460383892059,45.22299194335938,50.142186641693115
18613.87195183763,18295.53570130244,18527.558613633082,0.8820819898664211,0.8707968678028558,0.8802395209580839,141.39618968963626,47.98549509048462,46.57198023796082
18436.418851430026,18189.1321537606,18435.59351895031,0.8708045977011494,0.8641379310344828,0.8747126436781609,158.94606375694275,45.70194745063782,51.0753128528595
18158.44624872189,17892.224884780448,18145.56265564133,0.8735444806707033,0.8653935724266418,0.8733115975780158,144.74218654632568,51.31318783760071,50.661330938339226
18136.130884176084,17819.363833385,17996.504426073992,0.8847425602267359,0.8741143127066604,0.8807274444969296,151.88003945350647,49.04853081703186,51.06234121322632
18343.337642515908,17975.10148986869,18145.123505611533,0.8787878787878788,0.8657342657342657,0.8736596736596737,154.2699670791626,48.8174614906311,51.746405124664314
18168.921243661956,17917.58765502323,18178.090441687706,0.8642176238084166,0.8539874447802837,0.8700302255289467,150.36110854148862,48.089452266693115,53.67621612548828
18348.794079207404,18060.10708674529,18180.70707608768,0.8889410659779291,0.8772012209438835,0.8826015496595445,151.39178466796875,46.76137781143189,52.32995223999024
18317.820670180565,18014.438339950306,18269.392017259743,0.8766931340495095,0.8708547407753386,0.8797290985520785,145.378678560257,49.89146661758423,48.701875925064094
18170.267134507696,17857.7141182034,18055.341017850416,0.8826710557253703,0.8706795203385845,0.8791441335527863,150.83537650108337,50.85475897789002,50.862358570098884
18230.548763206534,17816.158735674453,18189.65750752573,0.8833729216152019,0.8688836104513065,0.8862232779097388,147.3879873752594,46.56650352478027,49.71585249900818
18081.15728499348,17835.486367896217,18004.396676593195,0.8915749162278602,0.8836764001914792,0.892053614169459,118.63589310646057,48.01076364517212,53.337597370147705
